#{"t_start": 1732123328.051135, "env_id": "None"}
r,l,t
0.0,100,2.549273
0.0,100,3.905713
0.0,100,5.249131
0.886385,12,5.436238
0.72498,32,5.841032
0.9801,2,5.889052
0.732303,31,6.3022
0.842943,17,6.514888
0.895338,11,6.654672
0.747172,29,7.053379
0.895338,11,7.190986
0.868746,14,7.404471
0.404732,90,8.616354
0.817907,20,8.888713
0.834514,18,9.144259
0.689449,37,9.619203
0.732303,31,10.01795
0.868746,14,10.221911
0.851458,16,10.42407
0.817907,20,10.697162
0.0,100,12.033404
0.868746,14,12.238617
0.793614,23,12.573226
0.0,100,13.906053
0.0,100,15.248458
0.0,100,16.556122
0.0,100,17.886597
0.886385,12,18.030957
0.886385,12,18.22213
0.0,100,19.557196
0.747172,29,19.908303
0.970299,3,19.961782
0.886385,12,20.135445
0.717731,33,20.580976
0.9801,2,20.592497
0.95099,5,20.657799
0.447523,80,21.707324
0.801631,22,22.01403
0.801631,22,22.290609
0.72498,32,22.732258
0.0,100,24.335292
0.0,100,25.6435
0.696413,36,26.104025
0.860058,15,26.300608
0.0,100,27.613105
0.0,100,28.95113
0.0,100,30.26929
0.877521,13,30.424347
0.817907,20,30.679769
0.0,100,32.009718
0.0,100,33.391581
0.809728,21,33.701597
0.0,100,34.992241
0.922745,8,35.073261
0.817907,20,35.335737
0.0,100,36.65647
0.689449,37,37.171794
0.0,100,38.523913
0.0,100,39.843644
0.717731,33,40.247181
0.0,100,41.57819
0.801631,22,41.920891
0.895338,11,42.060726
0.0,100,43.399681
0.0,100,44.712455
0.895338,11,44.838074
0.0,100,46.076524
0.0,100,47.305955
0.868746,14,47.506023
0.970299,3,47.524258
0.689449,37,48.012331
0.770043,26,48.338232
0.0,100,49.644703
0.851458,16,49.839627
0.817907,20,50.097776
0.703448,35,50.532633
0.868746,14,50.72562
0.649103,43,51.270262
0.0,100,52.520177
0.569601,56,53.211851
0.0,100,54.736762
0.0,100,55.981015
0.0,100,57.258618
0.826169,19,57.511756
0.598956,51,58.157497
0.7397,30,58.546335
0.0,100,59.819845
0.696413,36,60.260444
0.0,100,61.599314
0.0,100,62.888325
0.0,100,64.198801
0.860058,15,64.423379
0.0,100,65.694337
0.0,100,66.997617
0.732303,31,67.376414
0.895338,11,67.523964
0.703448,35,67.962566
0.530906,63,68.779267
0.868746,14,68.965851
0.536268,62,69.723732
0.932065,7,69.830257
0.886385,12,69.964461
0.0,100,71.20522
0.0,100,72.452708
0.904382,10,72.584752
0.851458,16,72.777396
0.886385,12,72.951569
0.0,100,74.216568
0.0,100,75.460078
0.777821,25,75.777626
0.47534,74,76.667342
0.770043,26,77.021104
0.0,100,78.26142
0.0,100,79.493051
0.0,100,80.727717
0.842943,17,80.921262
0.851458,16,81.113537
0.762343,27,81.470406
0.0,100,82.737429
0.525596,64,83.6974
0.0,100,85.126709
0.0,100,86.406227
0.0,100,87.712402
0.826169,19,87.971882
0.895338,11,88.10618
0.623525,47,88.757818
0.913517,9,88.879676
0.922745,8,88.961346
0.785678,24,89.279996
0.0,100,90.536629
0.817907,20,90.785693
0.793614,23,91.076513
0.0,100,92.373065
0.0,100,93.688139
0.0,100,94.942691
0.0,100,96.216574
0.842943,17,96.42091
0.851458,16,96.611675
0.710553,34,97.052837
0.895338,11,97.184406
0.904382,10,97.318497
0.94148,6,97.393137
0.0,100,98.695042
0.598956,51,99.37687
0.0,100,100.652
0.0,100,101.991912
0.0,100,103.312182
0.0,100,104.652881
0.732303,31,105.06115
0.0,100,106.400501
0.0,100,107.73069
0.826169,19,107.987219
0.842943,17,108.205898
0.868746,14,108.409905
0.777821,25,108.751055
0.754719,28,109.105357
0.696413,36,109.612799
0.793614,23,109.888161
0.877521,13,110.070535
0.970299,3,110.088376
0.0,100,111.431801
0.0,100,112.749563
0.7397,30,113.148739
0.0,100,114.736723
0.9801,2,114.784104
0.0,100,116.110175
0.868746,14,116.297238
0.662282,41,116.834612
0.7397,30,117.236086
0.675729,39,117.774103
0.793614,23,118.064901
0.0,100,119.432338
0.7397,30,119.840242
0.384896,95,121.078548
0.0,100,122.438799
0.72498,32,122.893663
0.0,100,124.212178
0.932065,7,124.293603
0.0,100,125.624276
0.747172,29,126.017241
0.970299,3,126.035532
0.0,100,127.34764
0.655659,42,127.931218
0.72498,32,128.333064
0.877521,13,128.533378
0.834514,18,128.748654
0.0,100,130.060715
0.970299,3,130.113717
0.0,100,131.422072
0.0,100,132.744425
0.605006,50,133.413709
0.717731,33,133.882636
0.72498,32,134.29403
0.0,100,135.65071
0.817907,20,135.924243
0.703448,35,136.386442
0.0,100,137.744955
0.9801,2,137.760478
0.895338,11,137.939335
0.0,100,139.259614
0.655659,42,139.80138
0.960596,4,139.860878
0.592966,52,140.535018
0.717731,33,140.98249
0.0,100,142.320333
0.636185,45,142.927752
0.689449,37,143.450242
0.421334,86,144.757168
0.0,100,146.064076
0.785678,24,146.381405
0.868746,14,146.576308
0.0,100,147.922564
0.0,100,149.258271
0.0,100,150.587234
0.0,100,151.930469
0.668972,40,152.520579
0.0,100,153.925159
0.629824,46,154.521188
0.0,100,155.818668
0.547157,60,156.594467
0.860058,15,156.789776
0.932065,7,156.904675
0.970299,3,156.92282
0.851458,16,157.119495
0.895338,11,157.290817
0.0,100,158.672176
0.754719,28,159.035563
0.61729,48,159.662261
0.0,100,160.903684
0.0,100,162.15827
0.0,100,163.426709
0.826169,19,163.676023
0.0,100,164.997106
0.0,100,166.285431
0.0,100,167.590395
0.0,100,168.894794
0.569601,56,169.618249
0.703448,35,170.086209
0.0,100,171.391158
0.0,100,172.699018
0.452044,79,173.921814
0.960596,4,173.961234
0.558266,58,174.785964
0.499837,69,175.744573
0.0,100,177.063491
0.860058,15,177.268942
0.913517,9,177.399086
0.762343,27,177.739456
0.913517,9,177.872434
0.0,100,179.208179
0.842943,17,179.421676
0.895338,11,179.558945
0.95099,5,179.62647
0.95099,5,179.693506
0.868746,14,179.896424
0.793614,23,180.214845
0.417121,87,181.369819
0.99,1,181.375905
0.421334,86,182.592703
0.868746,14,182.744886
0.0,100,184.063742
0.801631,22,184.37086
0.94148,6,184.447733
0.960596,4,184.511526
0.842943,17,184.724248
0.793614,23,185.03756
0.793614,23,185.325816
0.886385,12,185.505351
0.801631,22,185.781479
0.860058,15,185.985918
0.94148,6,186.056845
0.762343,27,186.426175
0.762343,27,186.773418
0.834514,18,187.020138
0.696413,36,187.506958
0.623525,47,188.121358
0.860058,15,188.316431
0.649103,43,188.906575
0.960596,4,188.965105
0.960596,4,189.023986
0.801631,22,189.310645
0.826169,19,189.569231
0.851458,16,189.775072
0.9801,2,189.787858
0.94148,6,189.903724
0.95099,5,189.972004
0.72498,32,190.384547
0.932065,7,190.465451
0.960596,4,190.529479
0.9801,2,190.579679
0.877521,13,190.727406
0.895338,11,190.864943
0.868746,14,191.056026
0.99,1,191.061641
0.922745,8,191.180344
0.94148,6,191.254118
0.877521,13,191.44186
0.793614,23,191.715152
0.960596,4,191.772708
0.877521,13,191.956523
0.960596,4,192.014665
0.817907,20,192.269857
0.7397,30,192.674039
0.95099,5,192.733963
0.970299,3,192.750999
0.895338,11,192.887077
0.99,1,192.927865
0.877521,13,193.071407
0.732303,31,193.485992
0.629824,46,194.114118
0.922745,8,194.198778
0.793614,23,194.524285
0.868746,14,194.713837
0.860058,15,194.907887
0.922745,8,194.989451
0.95099,5,195.053515
0.95099,5,195.122724
0.842943,17,195.366323
0.895338,11,195.50598
0.913517,9,195.629978
0.860058,15,195.830025
0.770043,26,196.160273
0.970299,3,196.177752
0.99,1,196.218868
0.0,100,197.551205
0.895338,11,197.683536
0.801631,22,197.963128
0.598956,51,198.648461
0.99,1,198.689126
0.932065,7,198.766513
0.842943,17,198.974676
0.777821,25,199.306475
0.970299,3,199.360152
0.95099,5,199.426663
0.932065,7,199.509986
0.895338,11,199.677989
0.842943,17,199.896664
0.913517,9,200.022175
0.860058,15,200.218532
0.886385,12,200.363881
0.932065,7,200.479318
0.817907,20,200.747604
0.913517,9,200.836336
0.675729,39,201.358294
0.636185,45,201.989945
0.932065,7,202.102621
0.696413,36,202.582414
0.932065,7,202.665322
0.770043,26,202.99851
0.9801,2,203.046987
0.9801,2,203.059507
0.913517,9,203.188399
0.904382,10,203.320392
0.970299,3,203.389179
0.94148,6,203.538157
0.94148,6,203.656712
0.913517,9,203.823908
0.0,100,205.291423
0.801631,22,205.57863
0.809728,21,205.840938
0.895338,11,206.017708
0.842943,17,206.237843
0.94148,6,206.31021
0.558266,58,207.106321
0.904382,10,207.239602
0.877521,13,207.394987
0.842943,17,207.659577
0.960596,4,207.718027
0.72498,32,208.122442
0.913517,9,208.250486
0.960596,4,208.310922
0.569601,56,209.058444
0.922745,8,209.142557
0.868746,14,209.338188
0.777821,25,209.684393
0.717731,33,210.139874
0.9801,2,210.153348
0.868746,14,210.351381
0.7397,30,210.744153
0.895338,11,210.890144
0.732303,31,211.295706
0.868746,14,211.491778
0.904382,10,211.624711
0.793614,23,211.948099
0.94148,6,212.020409
0.9801,2,212.034089
0.922745,8,212.188556
0.922745,8,212.309031
0.809728,21,212.583638
0.42559,85,213.773289
0.913517,9,213.897086
0.960596,4,213.920188
0.913517,9,214.042735
0.895338,11,214.178051
0.801631,22,214.48825
0.960596,4,214.545719
0.0,100,215.841365
0.817907,20,216.097445
0.785678,24,216.382196
0.842943,17,216.626397
0.868746,14,216.821383
0.877521,13,216.976936
0.895338,11,217.113755
0.877521,13,217.29655
0.877521,13,217.490884
0.932065,7,217.572804
0.0,100,218.931205
0.851458,16,219.134407
0.793614,23,219.4505
0.932065,7,219.531447
0.868746,14,219.7233
0.801631,22,220.001758
0.860058,15,220.210289
0.913517,9,220.336597
0.922745,8,220.458443
0.904382,10,220.591192
0.842943,17,220.803946
0.877521,13,221.002723
0.877521,13,221.152976
0.904382,10,221.285477
0.842943,17,221.534065
0.801631,22,221.850162
0.886385,12,222.026427
0.563905,57,222.769888
0.851458,16,222.982029
0.842943,17,223.223295
0.970299,3,223.240957
0.970299,3,223.293492
0.826169,19,223.552676
0.9801,2,223.56623
0.904382,10,223.7017
0.842943,17,223.912011
0.904382,10,224.042063
0.655659,42,224.612438
0.913517,9,224.735796
0.732303,31,225.144002
0.817907,20,225.404787
0.895338,11,225.545937
0.913517,9,225.671962
0.834514,18,225.890781
0.877521,13,226.075641
0.801631,22,226.357206
0.717731,33,226.799562
0.662282,41,227.343496
0.913517,9,227.475958
0.860058,15,227.676778
0.860058,15,227.871972
0.904382,10,228.005481
0.834514,18,228.257775
0.868746,14,228.41406
0.922745,8,228.537705
0.9801,2,228.550012
0.801631,22,228.865975
0.932065,7,228.952718
0.970299,3,229.00735
0.886385,12,229.148025
0.913517,9,229.273637
0.922745,8,229.394004
0.932065,7,229.469921
0.904382,10,229.605566
0.809728,21,229.871901
0.904382,10,230.002147
0.793614,23,230.318734
0.970299,3,230.335952
0.834514,18,230.578593
0.9801,2,230.59015
0.895338,11,230.760205
0.868746,14,230.918161
0.913517,9,231.045223
0.9801,2,231.094044
0.801631,22,231.367994
0.913517,9,231.492474
0.9801,2,231.506746
0.95099,5,231.573141
0.785678,24,231.897546
0.842943,17,232.104987
0.886385,12,232.288439
0.877521,13,232.445375
0.960596,4,232.505797
0.868746,14,232.698947
0.877521,13,232.892111
0.447523,80,234.26998
0.9801,2,234.282695
0.904382,10,234.413263
0.851458,16,234.62113
0.877521,13,234.804772
0.94148,6,234.877289
0.904382,10,235.008112
0.895338,11,235.154671
0.777821,25,235.489389
0.655659,42,236.109026
0.970299,3,236.12678
0.970299,3,236.180305
0.834514,18,236.395601
0.913517,9,236.523356
0.95099,5,236.593587
0.922745,8,236.712687
0.94148,6,236.78282
0.94148,6,236.855247
0.801631,22,237.171664
0.895338,11,237.311579
0.747172,29,237.712184
0.817907,20,237.987556
0.826169,19,238.216265
0.895338,11,238.443346
0.877521,13,238.600913
0.7397,30,239.001684
0.494839,70,239.939121
0.801631,22,240.241619
0.932065,7,240.316792
0.793614,23,240.635016
0.525596,64,241.4221
0.94148,6,241.523261
0.904382,10,241.646878
0.747172,29,241.991482
0.629824,46,242.646967
0.922745,8,242.725765
0.0,100,244.042136
0.877521,13,244.224176
0.960596,4,244.282048
0.817907,20,244.542885
0.801631,22,244.807872
0.801631,22,245.069164
0.932065,7,245.219472
0.817907,20,245.470848
0.581166,54,246.167965
0.886385,12,246.306185
0.842943,17,246.510111
0.662282,41,247.055459
0.94148,6,247.131808
0.785678,24,247.456727
0.877521,13,247.600465
0.960596,4,247.657908
0.895338,11,247.795773
0.817907,20,248.051072
0.970299,3,248.103319
0.904382,10,248.230034
0.809728,21,248.501184
0.0,100,249.782017
0.877521,13,249.961056
0.970299,3,249.978194
0.94148,6,250.04609
0.860058,15,250.236494
0.970299,3,250.289453
0.895338,11,250.42507
0.877521,13,250.602487
0.801631,22,250.866482
0.851458,16,251.068721
0.7397,30,251.451347
0.95099,5,251.513704
0.895338,11,251.684247
0.94148,6,251.751663
0.970299,3,251.77055
0.960596,4,251.826122
0.777821,25,252.135933
0.785678,24,252.457387
0.94148,6,252.524733
0.860058,15,252.710608
0.932065,7,252.818928
0.675729,39,253.281255
0.877521,13,253.485274
0.970299,3,253.537635
0.762343,27,253.865408
0.895338,11,253.995782
0.94148,6,254.063836
0.42559,85,255.131676
0.801631,22,255.44585
0.860058,15,255.635077
0.826169,19,255.89582
0.922745,8,255.978781
0.886385,12,256.156269
0.960596,4,256.181921
0.851458,16,256.411386
0.932065,7,256.488745
0.826169,19,256.739831
0.877521,13,256.882774
0.842943,17,257.118412
0.801631,22,257.396253
0.932065,7,257.507057
0.710553,34,257.904864
0.762343,27,258.273105
0.541685,61,259.037762
0.95099,5,259.100704
0.793614,23,259.412696
0.860058,15,259.600441
0.777821,25,259.920628
0.913517,9,260.006866
0.826169,19,260.251794
0.777821,25,260.580892
0.817907,20,260.82755
0.801631,22,261.120394
0.826169,19,261.33963
0.520341,65,262.165575
0.895338,11,262.335734
0.668972,40,262.852491
0.0,100,264.424917
0.868746,14,264.576177
0.675729,39,265.092713
0.834514,18,265.341499
0.842943,17,265.552537
0.904382,10,265.683408
0.834514,18,265.931117
0.94148,6,266.004766
0.860058,15,266.19747
0.886385,12,266.33717
0.922745,8,266.460489
0.913517,9,266.596207
0.809728,21,266.867329
0.770043,26,267.188533
0.770043,26,267.525544
0.932065,7,267.631519
0.886385,12,267.768853
0.99,1,267.775545
0.834514,18,268.056272
0.960596,4,268.11313
0.9801,2,268.126773
0.886385,12,268.295232
0.785678,24,268.58553
0.817907,20,268.869251
0.770043,26,269.220285
0.877521,13,269.37053
0.886385,12,269.548618
0.922745,8,269.632281
0.461222,77,270.65861
0.913517,9,270.746635
0.785678,24,271.057495
0.94148,6,271.124711
0.801631,22,271.42713
0.801631,22,271.694722
0.851458,16,271.887938
0.72498,32,272.351619
0.860058,15,272.559438
0.0,100,273.863685
0.710553,34,274.289368
0.895338,11,274.422179
0.904382,10,274.555598
0.877521,13,274.695968
0.860058,15,274.880801
0.717731,33,275.304873
0.499837,69,276.182953
0.826169,19,276.436896
0.732303,31,276.817465
0.886385,12,276.962778
0.785678,24,277.270798
0.877521,13,277.454383
0.886385,12,277.595227
0.922745,8,277.716391
0.860058,15,277.907094
0.826169,19,278.120085
0.520341,65,278.951434
0.922745,8,279.064291
0.922745,8,279.181576
0.9801,2,279.194061
0.868746,14,279.37552
0.94148,6,279.443947
0.960596,4,279.510176
0.851458,16,279.713959
0.877521,13,279.887799
0.860058,15,280.074751
0.817907,20,280.335794
0.868746,14,280.488817
0.922745,8,280.60574
0.826169,19,280.854916
0.94148,6,280.923528
0.99,1,280.929743
0.834514,18,281.170756
0.770043,26,281.498143
0.703448,35,281.940054
0.960596,4,281.996443
0.842943,17,282.201593
0.801631,22,282.505484
0.922745,8,282.590132
0.834514,18,282.842283
0.7397,30,283.217343
0.970299,3,283.235952
0.970299,3,283.286413
0.717731,33,283.734469
0.95099,5,283.797103
0.793614,23,284.064671
0.886385,12,284.236488
0.868746,14,284.382761
0.842943,17,284.616186
0.99,1,284.623985
0.960596,4,284.68446
0.826169,19,284.924921
0.547157,60,285.686739
0.447523,80,286.711141
0.904382,10,286.836893
0.877521,13,286.976207
0.785678,24,287.282765
0.868746,14,287.469981
0.770043,26,287.794685
0.970299,3,287.848701
0.868746,14,287.997657
0.95099,5,288.062155
0.904382,10,288.189504
0.817907,20,288.447497
0.817907,20,288.714497
0.94148,6,288.815896
0.732303,31,289.210964
0.801631,22,289.478176
0.877521,13,289.655879
0.826169,19,289.915116
0.922745,8,289.998637
0.895338,11,290.137525
0.747172,29,290.525627
0.895338,11,290.656731
0.922745,8,290.776458
0.970299,3,290.828454
0.868746,14,290.979097
0.904382,10,291.111028
0.868746,14,291.292428
0.860058,15,291.480546
0.793614,23,291.781196
0.9801,2,291.792747
0.842943,17,292.034713
0.913517,9,292.120334
0.904382,10,292.244871
0.851458,16,292.525027
0.886385,12,292.661835
0.9801,2,292.67371
0.611117,49,293.296504
0.762343,27,293.868959
0.860058,15,294.147869
0.877521,13,294.295721
0.777821,25,294.624005
0.868746,14,294.814049
0.747172,29,295.190088
0.95099,5,295.258242
0.61729,48,295.859119
0.860058,15,296.054988
0.99,1,296.093352
0.904382,10,296.222108
0.922745,8,296.302171
0.95099,5,296.364328
0.904382,10,296.494282
0.747172,29,296.868749
0.817907,20,297.123187
0.9801,2,297.137781
0.95099,5,297.203677
0.826169,19,297.463042
0.932065,7,297.569432
0.793614,23,297.845011
0.754719,28,298.210712
0.834514,18,298.418543
0.922745,8,298.5405
0.563905,57,299.253601
0.886385,12,299.424805
0.95099,5,299.486018
0.913517,9,299.603123
0.895338,11,299.741289
0.877521,13,299.881737
0.960596,4,299.944354
0.922745,8,300.059565
0.9801,2,300.071473
0.904382,10,300.203753
0.9801,2,300.251309
0.932065,7,300.332057
0.913517,9,300.462843
0.9801,2,300.474894
0.732303,31,300.877926
0.904382,10,301.012229
0.913517,9,301.138011
0.886385,12,301.314627
0.72498,32,301.725728
0.72498,32,302.142926
0.895338,11,302.359111
0.851458,16,302.576442
0.754719,28,302.931024
0.860058,15,303.194581
0.868746,14,303.386732
0.777821,25,303.719454
0.868746,14,303.917464
0.932065,7,303.998455
0.895338,11,304.169835
0.94148,6,304.240073
0.817907,20,304.511213
0.868746,14,304.700795
0.793614,23,304.982357
0.877521,13,305.170529
0.895338,11,305.304209
0.703448,35,305.763173
0.668972,40,306.289666
0.793614,23,306.610211
0.95099,5,306.678174
0.842943,17,306.893962
0.970299,3,306.947118
0.99,1,306.953023
0.960596,4,307.012505
0.851458,16,307.221114
0.960596,4,307.278391
0.868746,14,307.444383
0.904382,10,307.575699
0.895338,11,307.750035
0.877521,13,307.903581
0.970299,3,307.957794
0.904382,10,308.095392
0.834514,18,308.311491
0.400685,91,309.573037
0.834514,18,309.79547
0.95099,5,309.865508
0.970299,3,309.920281
0.72498,32,310.337889
0.932065,7,310.458868
0.970299,3,310.481052
0.877521,13,310.672023
0.9801,2,310.684361
0.842943,17,310.93403
0.94148,6,311.010252
0.826169,19,311.272264
0.842943,17,311.480502
0.904382,10,311.610008
0.913517,9,311.734989
0.785678,24,312.065447
0.868746,14,312.223519
0.886385,12,312.406507
0.960596,4,312.478642
0.932065,7,312.561608
0.886385,12,312.704986
0.860058,15,312.901384
0.817907,20,313.172433
0.851458,16,313.416646
0.801631,22,313.697087
0.834514,18,313.95502
0.95099,5,314.022079
0.592966,52,314.713168
0.886385,12,314.857455
0.94148,6,314.96374
0.99,1,314.969602
0.868746,14,315.169896
0.552683,59,315.987841
0.886385,12,316.175529
0.886385,12,316.324888
0.95099,5,316.391804
0.809728,21,316.673503
0.95099,5,316.740218
0.785678,24,317.068762
0.851458,16,317.273335
0.785678,24,317.605042
0.922745,8,317.725952
0.877521,13,317.873579
0.793614,23,318.20147
0.785678,24,318.531881
0.868746,14,318.727308
0.642612,44,319.303881
0.960596,4,319.365534
0.72498,32,319.81023
0.913517,9,319.902283
0.913517,9,320.035283
0.48989,71,320.970216
0.886385,12,321.153837
0.0,100,322.484395
0.970299,3,322.502192
0.895338,11,322.683091
0.499837,69,323.62999
0.770043,26,324.213741
0.895338,11,324.363523
0.668972,40,324.888361
0.99,1,324.896021
0.895338,11,325.034064
0.932065,7,325.151427
0.99,1,325.158374
0.913517,9,325.285882
0.689449,37,325.762445
0.970299,3,325.814716
0.970299,3,325.834249
0.95099,5,325.899121
0.851458,16,326.102304
0.842943,17,326.360621
0.754719,28,326.705389
0.480141,73,327.681587
0.581166,54,328.385129
0.851458,16,328.59157
0.94148,6,328.662734
0.842943,17,328.898597
0.826169,19,329.112261
0.886385,12,329.287021
0.785678,24,329.600883
0.592966,52,330.234075
0.0,100,331.502021
0.682555,38,331.985251
0.922745,8,332.072875
0.826169,19,332.342443
0.922745,8,332.482079
0.0,100,333.784715
0.95099,5,333.848259
0.970299,3,333.866458
0.0,100,335.13376
0.834514,18,335.373933
0.860058,15,335.557669
0.9801,2,335.569515
0.817907,20,335.817811
0.99,1,335.824059
0.913517,9,335.950643
0.703448,35,336.379701
0.860058,15,336.575344
0.932065,7,336.679322
0.94148,6,336.746743
0.970299,3,336.76512
0.877521,13,336.934616
0.960596,4,336.990086
0.94148,6,337.05826
0.0,100,338.340212
0.860058,15,338.538883
0.72498,32,338.92264
0.94148,6,339.032995
0.826169,19,339.24542
0.655659,42,339.794998
0.895338,11,339.925448
0.710553,34,340.364448
0.860058,15,340.564277
0.801631,22,340.837656
0.809728,21,341.106853
0.793614,23,341.416593
0.675729,39,341.915355
0.895338,11,342.046301
0.9801,2,342.058893
0.817907,20,342.315453
0.913517,9,342.444959
0.682555,38,342.941531
0.904382,10,343.066285
0.826169,19,343.306426
0.0,100,344.563276
0.877521,13,344.702807
0.826169,19,344.949333
0.834514,18,345.183161
0.732303,31,345.583297
0.94148,6,345.652377
0.851458,16,345.840469
0.95099,5,345.902829
0.0,100,347.152369
0.809728,21,347.42734
0.0,100,348.690903
0.904382,10,348.813752
0.785678,24,349.119604
0.801631,22,349.419869
0.762343,27,349.749195
0.851458,16,349.94296
0.777821,25,350.24817
0.895338,11,350.375803
0.0,100,351.625044
0.95099,5,351.697831
0.9801,2,351.744898
0.809728,21,352.00298
0.48989,71,352.912958
0.826169,19,353.165457
0.777821,25,353.550652
0.834514,18,353.946505
0.860058,15,354.232094
0.860058,15,354.426641
0.851458,16,354.629462
0.655659,42,355.165592
0.809728,21,355.43915
0.9801,2,355.486296
0.40882,89,356.69489
0.94148,6,356.763391
0.826169,19,357.009414
0.851458,16,357.205198
0.932065,7,357.284916
0.777821,25,357.615865
0.970299,3,357.666859
0.904382,10,357.78927
0.94148,6,357.861939
0.922745,8,357.979042
0.851458,16,358.170511
0.922745,8,358.252295
0.868746,14,358.435046
0.970299,3,358.499591
0.95099,5,358.566311
0.94148,6,358.635079
0.747172,29,359.004801
0.682555,38,359.466253
0.809728,21,359.753211
0.95099,5,359.818422
0.970299,3,359.837144
0.904382,10,359.960608
0.785678,24,360.263216
0.913517,9,360.3809
0.834514,18,360.589773
0.913517,9,360.707711
0.851458,16,360.903841
0.429889,84,361.948339
0.877521,13,362.122396
0.932065,7,362.196895
0.605006,50,362.89144
0.851458,16,363.126967
0.960596,4,363.184229
0.9801,2,363.23055
0.877521,13,363.374135
0.0,100,364.671739
0.552683,59,365.425119
0.99,1,365.431659
0.0,100,366.685525
0.922745,8,366.799244
0.904382,10,366.931657
0.592966,52,367.58891
0.9801,2,367.636526
0.932065,7,367.716528
0.817907,20,367.976531
0.0,100,369.30114
0.675729,39,369.825136
0.381047,96,371.067125
0.960596,4,371.126237
0.94148,6,371.19808
0.932065,7,371.277329
0.770043,26,371.655465
0.826169,19,371.879466
0.94148,6,371.98429
0.95099,5,372.04905
0.99,1,372.055958
0.842943,17,372.264663
0.826169,19,372.52364
0.94148,6,372.593246
0.922745,8,372.713602
0.94148,6,372.786687
0.877521,13,372.975922
0.0,100,374.293854
0.868746,14,374.449849
0.860058,15,374.644936
0.0,100,375.972553
0.809728,21,376.281034
0.717731,33,376.695857
0.960596,4,376.757009
0.817907,20,377.020935
0.851458,16,377.224418
0.0,100,378.563374
0.9801,2,378.610175
0.960596,4,378.659714
0.732303,31,379.122957
0.922745,8,379.205619
0.7397,30,379.598342
0.99,1,379.603889
0.932065,7,379.715806
0.785678,24,380.035881
0.895338,11,380.174601
0.970299,3,380.191739
0.851458,16,380.425446
0.851458,16,380.623909
0.932065,7,380.704588
0.809728,21,380.96542
0.817907,20,381.225529
0.913517,9,381.356184
0.932065,7,381.47106
0.99,1,381.477233
0.960596,4,381.536429
0.960596,4,381.560182
0.960596,4,381.619079
0.860058,15,381.810299
0.801631,22,382.124929
0.826169,19,382.340435
0.877521,13,382.528912
0.886385,12,382.671432
0.465881,76,383.878092
0.842943,17,384.182752
0.904382,10,384.325809
0.834514,18,384.578899
0.970299,3,384.596408
0.598956,51,385.282909
0.904382,10,385.41589
0.886385,12,385.600911
0.834514,18,385.821751
0.809728,21,386.128259
0.809728,21,386.413321
0.932065,7,386.49126
0.99,1,386.497611
0.9801,2,386.544999
0.904382,10,386.676604
0.785678,24,387.005223
0.904382,10,387.142934
0.932065,7,387.221083
0.95099,5,387.288852
0.922745,8,387.413857
0.826169,19,387.646171
0.9801,2,387.695054
0.922745,8,387.779844
0.95099,5,387.8473
0.785678,24,388.175239
0.834514,18,388.430185
0.932065,7,388.513168
0.801631,22,388.820306
0.762343,27,389.165241
0.834514,18,389.412451
0.9801,2,389.42467
0.649103,43,389.993603
0.95099,5,390.058998
0.732303,31,390.440047
0.801631,22,390.697943
0.877521,13,390.874289
0.904382,10,391.001447
0.868746,14,391.184121
0.95099,5,391.246338
0.809728,21,391.510315
0.770043,26,391.831036
0.913517,9,391.95187
0.623525,47,392.583014
0.904382,10,392.708536
0.785678,24,393.032611
0.9801,2,393.053394
0.851458,16,393.292212
0.94148,6,393.364538
0.970299,3,393.382322
0.851458,16,393.629768
0.842943,17,393.836329
0.754719,28,394.256911
0.922745,8,394.342138
0.809728,21,394.607743
0.895338,11,394.778176
0.960596,4,394.80443
0.904382,10,394.940091
0.0,100,396.266759
0.710553,34,396.724102
0.99,1,396.730027
0.793614,23,397.057732
0.851458,16,397.264672
0.623525,47,397.919755
0.904382,10,398.050621
0.793614,23,398.357492
0.0,100,399.726895
0.932065,7,399.841839
0.904382,10,399.977492
0.886385,12,400.120357
0.611117,49,400.779338
0.41295,88,401.92682
0.877521,13,402.108857
0.913517,9,402.24058
0.834514,18,402.472616
0.754719,28,402.850792
0.785678,24,403.173407
0.834514,18,403.393211
0.868746,14,403.59575
0.904382,10,403.729887
0.785678,24,404.050282
0.904382,10,404.181412
0.932065,7,404.267877
0.960596,4,404.328853
0.877521,13,404.511027
0.913517,9,404.637518
0.99,1,404.644061
0.575355,55,405.377264
0.754719,28,405.725063
0.9801,2,405.771008
0.970299,3,405.789665
0.94148,6,405.898873
0.826169,19,406.121542
0.793614,23,406.443036
0.895338,11,406.578339
0.960596,4,406.636072
0.877521,13,406.81831
0.904382,10,406.952835
0.662282,41,407.485737
0.0,100,408.781325
0.904382,10,408.91356
0.877521,13,409.058459
0.895338,11,409.22455
0.895338,11,409.358601
0.94148,6,409.434318
0.913517,9,409.562037
0.851458,16,409.757929
0.960596,4,409.815334
0.913517,9,409.937286
0.851458,16,410.135221
0.913517,9,410.263466
0.960596,4,410.288548
0.9801,2,410.346813
0.895338,11,410.489318
0.932065,7,410.585074
0.834514,18,410.873189
0.834514,18,411.148161
0.913517,9,411.238094
0.922745,8,411.358355
0.0,100,412.698817
0.0,100,414.30091
0.95099,5,414.374591
0.851458,16,414.584776
0.851458,16,414.788892
0.913517,9,414.919074
0.770043,26,415.262727
0.922745,8,415.382374
0.913517,9,415.512167
0.904382,10,415.641863
0.94148,6,415.71379
0.99,1,415.719849
0.868746,14,415.918985
0.99,1,415.924935
0.851458,16,416.127423
0.94148,6,416.234334
0.932065,7,416.314875
0.922745,8,416.442118
0.904382,10,416.584778
0.785678,24,416.882289
0.860058,15,417.086634
0.655659,42,417.687417
0.95099,5,417.753732
0.842943,17,417.968426
0.770043,26,418.299043
0.770043,26,418.692914
0.922745,8,418.776974
0.732303,31,419.176666
0.95099,5,419.249149
0.801631,22,419.56432
0.932065,7,419.642411
0.932065,7,419.755406
0.99,1,419.76123
0.851458,16,419.967215
0.886385,12,420.109247
0.868746,14,420.296425
0.94148,6,420.367041
0.970299,3,420.423108
0.817907,20,420.687598
0.904382,10,420.81688
0.913517,9,420.93837
0.913517,9,421.060257
0.0,100,422.496274
0.494839,70,423.426012
0.717731,33,423.823974
0.94148,6,423.893771
0.922745,8,424.012348
0.851458,16,424.206591
0.842943,17,424.434596
0.717731,33,424.835302
0.717731,33,425.271011
0.94148,6,425.338336
0.842943,17,425.534358
0.970299,3,425.58516
0.886385,12,425.729731
0.913517,9,425.853998
0.851458,16,426.051665
0.970299,3,426.102224
0.922745,8,426.216794
0.868746,14,426.36939
0.95099,5,426.431747
0.886385,12,426.618095
0.851458,16,426.815368
0.0,100,428.111326
0.895338,11,428.241781
0.834514,18,428.493089
0.868746,14,428.681197
0.877521,13,428.825401
0.747172,29,429.207515
0.960596,4,429.265528
0.834514,18,429.471239
0.877521,13,429.6482
0.860058,15,429.846915
0.94148,6,429.916267
0.932065,7,430.026367
0.801631,22,430.28441
0.826169,19,430.543099
0.99,1,430.549753
0.754719,28,430.919161
0.851458,16,431.120986
0.895338,11,431.252347
0.960596,4,431.30883
0.777821,25,431.631564
0.9801,2,431.645438
0.922745,8,431.765325
0.922745,8,431.847153
0.809728,21,432.13533
0.762343,27,432.475978
0.809728,21,432.745923
0.777821,25,433.073989
0.970299,3,433.124227
0.536268,62,433.93241
0.868746,14,434.117006
0.817907,20,434.371761
0.696413,36,434.815743
0.834514,18,435.056845
0.877521,13,435.198885
0.834514,18,435.438678
0.826169,19,435.687578
0.970299,3,435.705131
0.826169,19,435.959366
0.525596,64,436.774183
0.793614,23,437.077895
0.886385,12,437.217031
0.642612,44,437.7925
0.877521,13,437.935747
0.868746,14,438.128273
0.932065,7,438.240026
0.95099,5,438.303247
0.860058,15,438.499123
0.904382,10,438.625265
0.747172,29,438.971055
0.904382,10,439.094038
0.99,1,439.131702
0.932065,7,439.20631
0.913517,9,439.326345
0.851458,16,439.52326
0.696413,36,439.965914
0.558266,58,440.719471
0.95099,5,440.783037
0.960596,4,440.838942
0.895338,11,440.968417
0.877521,13,441.110407
0.970299,3,441.160511
0.826169,19,441.41363
0.9801,2,441.425906
0.9801,2,441.470306
0.785678,24,441.742651
0.851458,16,441.977895
0.429889,84,443.009302
0.932065,7,443.118893
0.851458,16,443.310961
0.970299,3,443.361596
0.860058,15,443.61734
0.932065,7,443.714113
0.754719,28,444.292439
0.95099,5,444.35636
0.922745,8,444.438875
0.960596,4,444.495465
0.877521,13,444.682421
0.0,100,446.01531
0.61729,48,446.620757
0.0,100,447.933175
0.777821,25,448.264321
0.922745,8,448.384592
0.922745,8,448.474959
0.95099,5,448.543541
0.94148,6,448.650732
0.777821,25,448.979013
0.970299,3,448.999155
0.94148,6,449.068215
0.895338,11,449.237961
0.834514,18,449.457582
0.932065,7,449.562102
0.895338,11,449.696767
0.932065,7,449.772632
0.877521,13,449.95874
0.913517,9,450.084404
0.886385,12,450.222891
0.860058,15,450.412102
0.642612,44,450.982038
0.94148,6,451.052372
0.842943,17,451.262695
0.913517,9,451.385308
0.851458,16,451.581119
0.960596,4,451.637367
0.842943,17,451.866043
0.826169,19,452.091686
0.932065,7,452.197951
0.895338,11,452.327648
0.817907,20,452.639435
0.762343,27,452.963263
0.809728,21,453.28018
0.793614,23,453.551913
0.94148,6,453.620203
0.904382,10,453.743544
0.851458,16,453.982121
0.922745,8,454.06239
0.932065,7,454.168808
0.960596,4,454.193102
0.95099,5,454.25516
0.895338,11,454.41661
0.452044,79,455.394604
0.809728,21,455.679919
0.95099,5,455.743252
0.9801,2,455.756837
0.7397,30,456.133404
0.717731,33,456.581429
0.801631,22,456.859946
0.826169,19,457.132481
0.895338,11,457.273502
0.0,100,458.661656
0.913517,9,458.786552
0.99,1,458.792442
0.877521,13,458.981945
0.860058,15,459.189276
0.817907,20,459.453166
0.793614,23,459.736421
0.770043,26,460.079761
0.675729,39,460.631474
0.895338,11,460.766744
0.922745,8,460.883513
0.895338,11,461.024536
0.960596,4,461.08318
0.834514,18,461.334421
0.868746,14,461.485529
0.877521,13,461.667409
0.94148,6,461.738897
0.95099,5,461.805035
0.809728,21,462.067955
0.94148,6,462.178674
0.877521,13,462.324245
0.801631,22,462.642775
0.970299,3,462.660414
0.826169,19,462.916903
0.970299,3,462.977516
0.0,100,464.226452
0.754719,28,464.56672
0.710553,34,464.999013
0.913517,9,465.121711
0.932065,7,465.19563
0.960596,4,465.251689
0.826169,19,465.492913
0.0,100,466.788384
0.834514,18,467.002755
0.895338,11,467.177337
0.0,100,468.501629
0.785678,24,468.782974
0.762343,27,469.158947
0.922745,8,469.240448
0.932065,7,469.352382
0.99,1,469.3583
0.922745,8,469.475863
0.932065,7,469.553883
0.895338,11,469.688449
0.754719,28,470.064004
0.877521,13,470.21689
0.913517,9,470.342148
0.913517,9,470.465565
0.970299,3,470.520856
0.970299,3,470.539612
0.868746,14,470.731221
0.95099,5,470.796903
0.94148,6,470.879643
0.842943,17,471.131213
0.932065,7,471.208925
0.913517,9,471.337171
0.95099,5,471.403724
0.842943,17,471.619532
0.95099,5,471.687249
0.913517,9,471.812313
0.9801,2,471.825947
0.932065,7,471.941798
0.886385,12,472.099079
0.886385,12,472.289474
0.922745,8,472.378211
0.9801,2,472.432841
0.922745,8,472.517259
0.851458,16,472.719902
0.877521,13,472.911366
0.877521,13,473.104272
0.932065,7,473.185179
0.0,100,474.838617
0.834514,18,475.089251
0.886385,12,475.242741
0.754719,28,475.629644
0.960596,4,475.656049
0.777821,25,475.987735
0.785678,24,476.314226
0.868746,14,476.506316
0.860058,15,476.712257
0.868746,14,476.906523
0.895338,11,477.046861
0.9801,2,477.058947
0.793614,23,477.390713
0.99,1,477.397574
0.877521,13,477.58767
0.960596,4,477.647084
0.877521,13,477.797457
0.826169,19,478.063198
0.904382,10,478.193454
0.960596,4,478.253744
0.932065,7,478.333754
0.860058,15,478.5351
0.817907,20,478.800444
0.809728,21,479.065552
0.860058,15,479.268546
0.447523,80,480.311869
0.817907,20,480.58338
0.922745,8,480.703992
0.960596,4,480.763005
0.860058,15,480.959228
0.932065,7,481.034331
0.913517,9,481.15832
0.922745,8,481.285837
0.851458,16,481.490267
0.94148,6,481.561055
0.886385,12,481.701458
0.95099,5,481.768452
0.826169,19,482.035233
0.94148,6,482.107911
0.904382,10,482.237378
0.895338,11,482.425508
0.801631,22,482.753794
0.932065,7,482.831939
0.762343,27,483.241395
0.877521,13,483.39994
0.913517,9,483.529232
0.960596,4,483.588786
0.754719,28,484.000854
0.868746,14,484.159704
0.970299,3,484.212755
0.922745,8,484.330286
0.95099,5,484.39466
0.99,1,484.401876
0.877521,13,484.552802
0.851458,16,484.79948
0.904382,10,484.928074
0.932065,7,485.00579
0.922745,8,485.122081
0.801631,22,485.400192
0.960596,4,485.459041
0.877521,13,485.606162
0.877521,13,485.786772
0.649103,43,486.354898
0.655659,42,486.893969
0.970299,3,486.947122
0.95099,5,487.011998
0.0,100,488.328954
0.895338,11,488.473676
0.842943,17,488.694145
0.970299,3,488.746846
0.960596,4,488.807571
0.801631,22,489.114466
0.904382,10,489.24509
0.868746,14,489.44492
0.762343,27,489.783519
0.886385,12,489.961726
0.801631,22,490.241899
0.860058,15,490.439065
0.95099,5,490.508165
0.868746,14,490.705426
0.922745,8,490.788303
0.970299,3,490.84003
0.970299,3,490.892317
0.9801,2,490.906186
0.904382,10,491.035367
0.913517,9,491.158258
0.842943,17,491.379804
0.913517,9,491.502812
0.0,100,492.839682
0.932065,7,492.918614
0.95099,5,492.984907
0.886385,12,493.16155
0.932065,7,493.238279
0.826169,19,493.511016
0.886385,12,493.656056
0.960596,4,493.714372
0.785678,24,494.037163
0.777821,25,494.363966
0.826169,19,494.622378
0.895338,11,494.761308
0.922745,8,494.878173
0.913517,9,494.965671
0.95099,5,495.030279
0.662282,41,495.59658
0.762343,27,495.933669
0.860058,15,496.129651
0.886385,12,496.272727
0.95099,5,496.337775
0.913517,9,496.465812
0.809728,21,496.745922
0.95099,5,496.811772
0.913517,9,496.937973
0.0,100,498.285537
0.9801,2,498.334412
0.895338,11,498.478675
0.913517,9,498.613441
0.629824,46,499.222729
0.99,1,499.229215
0.747172,29,499.626561
0.960596,4,499.685469
0.94148,6,499.757375
0.904382,10,499.887476
0.922745,8,499.974613
0.834514,18,500.227198
0.842943,17,500.433272
0.970299,3,500.486663
0.868746,14,500.686092
0.747172,29,501.054328
0.536268,62,501.816518
0.99,1,501.822676
0.851458,16,502.02409
0.0,100,503.296474
0.569601,56,504.30772
0.793614,23,504.576987
0.886385,12,504.772841
0.762343,27,505.10019
0.886385,12,505.239679
0.99,1,505.279138
0.703448,35,505.737783
0.904382,10,505.864061
0.970299,3,505.885882
0.452044,79,506.966502
0.842943,17,507.180081
0.94148,6,507.289341
0.886385,12,507.488837
0.932065,7,507.56994
0.703448,35,508.033246
0.895338,11,508.211898
0.762343,27,508.562076
0.0,100,509.900623
0.530906,63,510.731318
0.895338,11,510.874584
0.913517,9,510.999505
0.9801,2,511.012008
0.817907,20,511.273795
0.922745,8,511.40689
0.960596,4,511.433412
0.868746,14,511.62799
0.860058,15,511.822039
0.801631,22,512.132315
0.877521,13,512.320576
0.655659,42,512.93012
0.913517,9,513.039792
0.970299,3,513.092399
0.834514,18,513.341262
0.895338,11,513.486
0.922745,8,513.573863
0.94148,6,513.685233
0.970299,3,513.703049
0.913517,9,513.827947
0.95099,5,513.892789
0.95099,5,513.957526
0.842943,17,514.169814
0.904382,10,514.299051
0.826169,19,514.544281
0.895338,11,514.673543
0.904382,10,514.801173
0.9801,2,514.848768
0.809728,21,515.098213
0.668972,40,515.590118
0.9801,2,515.602141
0.877521,13,515.777088
0.970299,3,515.82703
0.793614,23,516.091991
0.0,100,517.354173
0.932065,7,517.46948
0.904382,10,517.596678
0.623525,47,518.198985
0.877521,13,518.375472
0.581166,54,519.057717
0.777821,25,519.379587
0.793614,23,519.675432
0.809728,21,519.942113
0.826169,19,520.183588
0.886385,12,520.319152
0.877521,13,520.495147
0.817907,20,520.749078
0.809728,21,521.013136
0.9801,2,521.05702
0.922745,8,521.140109
0.904382,10,521.26769
0.913517,9,521.384452
0.95099,5,521.446627
0.877521,13,521.622925
0.895338,11,521.7587
0.922745,8,521.844803
0.0,100,523.126458
0.95099,5,523.190372
0.817907,20,523.448709
0.809728,21,523.755544
0.970299,3,523.775926
0.868746,14,523.959799
0.886385,12,524.098186
0.842943,17,524.340032
0.895338,11,524.475305
0.762343,27,524.797133
0.904382,10,524.92282
0.877521,13,525.107856
0.895338,11,525.237926
0.785678,24,525.542267
0.886385,12,525.682717
0.913517,9,525.804483
0.877521,13,525.982248
0.793614,23,526.268795
0.826169,19,526.527701
0.960596,4,526.58394
0.99,1,526.590002
0.826169,19,526.830546
0.922745,8,526.947381
0.785678,24,527.226173
0.834514,18,527.471484
0.642612,44,528.035656
0.785678,24,528.346892
0.895338,11,528.478432
0.0,100,529.738096
0.868746,14,529.925007
0.868746,14,530.081838
0.960596,4,530.13978
0.886385,12,530.305315
0.922745,8,530.387727
0.868746,14,530.564354
0.970299,3,530.614567
0.842943,17,530.830999
0.877521,13,531.003486
0.886385,12,531.144971
0.851458,16,531.361113
0.895338,11,531.51172
0.842943,17,531.740449
0.913517,9,531.858011
0.99,1,531.864878
0.904382,10,531.99302
0.932065,7,532.071627
0.960596,4,532.12646
0.99,1,532.132366
0.717731,33,532.565351
0.94148,6,532.637038
0.95099,5,532.703092
0.717731,33,533.139306
0.9801,2,533.151392
0.770043,26,533.483521
0.904382,10,533.67859
0.834514,18,534.05488
0.868746,14,534.337413
0.9801,2,534.349856
0.0,100,535.627558
0.7397,30,536.010101
0.877521,13,536.19009
0.913517,9,536.278802
0.860058,15,536.473132
0.860058,15,536.674132
0.868746,14,536.8716
0.770043,26,537.21496
0.826169,19,537.49429
0.960596,4,537.557186
0.868746,14,537.750128
0.94148,6,537.827637
0.793614,23,538.157492
0.793614,23,538.45454
0.785678,24,538.793486
0.904382,10,538.934907
0.860058,15,539.143523
0.826169,19,539.403526
0.886385,12,539.551422
0.94148,6,539.628051
0.842943,17,539.871493
0.9801,2,539.883454
0.860058,15,540.083777
0.868746,14,540.278776
0.95099,5,540.343388
0.834514,18,540.587602
0.703448,35,541.04693
0.895338,11,541.184341
0.793614,23,541.456954
0.801631,22,541.769195
0.689449,37,542.251654
0.970299,3,542.309138
0.801631,22,542.625204
0.851458,16,542.825834
0.922745,8,542.949344
0.95099,5,543.01316
0.9801,2,543.025895
0.0,100,544.360142
0.877521,13,544.533024
0.809728,21,544.781628
0.851458,16,544.976873
0.970299,3,545.026217
0.9801,2,545.037813
0.809728,21,545.324658
0.932065,7,545.40118
0.793614,23,545.705873
0.710553,34,546.104202
0.834514,18,546.345537
0.793614,23,546.643383
0.655659,42,547.164053
0.970299,3,547.213785
0.877521,13,547.36423
0.904382,10,547.500639
0.0,100,548.769919
0.826169,19,549.012839
0.913517,9,549.128805
0.886385,12,549.274287
0.0,100,550.521526
0.9801,2,550.567516
0.826169,19,550.772535
0.886385,12,550.938099
0.877521,13,551.07699
0.801631,22,551.380373
0.72498,32,551.766949
0.592966,52,552.447071
0.886385,12,552.58512
0.886385,12,552.721219
0.913517,9,552.842927
0.904382,10,552.97037
0.868746,14,553.160311
0.860058,15,553.364496
0.9801,2,553.380207
0.904382,10,553.514838
0.809728,21,553.817634
0.913517,9,553.904961
0.95099,5,553.968819
0.860058,15,554.157645
0.868746,14,554.346938
0.817907,20,554.600273
0.895338,11,554.731435
0.960596,4,554.786762
0.817907,20,555.075902
0.913517,9,555.196525
0.877521,13,555.372036
0.95099,5,555.44388
0.9801,2,555.456198
0.9801,2,555.468687
0.886385,12,555.635994
0.95099,5,555.703078
0.860058,15,555.906637
0.785678,24,556.212027
0.842943,17,556.418471
0.877521,13,556.592686
0.922745,8,556.67159
0.404732,90,557.82535
0.970299,3,557.874961
0.922745,8,557.956868
0.95099,5,558.020957
0.922745,8,558.132962
0.877521,13,558.323477
0.777821,25,558.646658
0.851458,16,558.841903
0.793614,23,559.123426
0.40882,89,560.274417
0.886385,12,560.448419
0.99,1,560.454635
0.895338,11,560.585048
0.793614,23,560.889172
0.770043,26,561.201654
0.9801,2,561.214901
0.851458,16,561.414317
0.851458,16,561.644943
0.834514,18,561.847023
0.558266,58,562.593661
0.94148,6,562.667346
0.860058,15,562.858226
0.592966,52,563.538002
0.717731,33,564.198745
0.868746,14,564.445925
0.895338,11,564.57465
0.95099,5,564.644956
0.868746,14,564.82679
0.922745,8,564.910984
0.932065,7,565.021577
0.0,100,566.301341
0.851458,16,566.503448
0.922745,8,566.618799
0.904382,10,566.74391
0.842943,17,566.950536
0.913517,9,567.070151
0.0,100,568.348261
0.851458,16,568.550871
0.868746,14,568.732429
0.913517,9,568.856899
0.877521,13,569.003116
0.655659,42,569.557832
0.868746,14,569.705655
0.842943,17,569.938334
0.868746,14,570.137714
0.809728,21,570.391495
0.842943,17,570.592818
0.970299,3,570.645928
0.970299,3,570.66731
0.834514,18,570.906601
0.95099,5,570.96942
0.9801,2,570.981458
0.886385,12,571.15043
0.94148,6,571.216811
0.95099,5,571.282884
0.842943,17,571.483958
0.9801,2,571.528054
0.94148,6,571.602513
0.851458,16,571.798327
0.754719,28,572.159184
0.834514,18,572.361271
0.94148,6,572.491676
0.0,100,573.780536
0.95099,5,573.842231
0.801631,22,574.100833
0.770043,26,574.413802
0.717731,33,574.84714
0.886385,12,574.983707
0.877521,13,575.166394
0.960596,4,575.222254
0.747172,29,575.563839
0.877521,13,575.753257
0.904382,10,575.885624
0.922745,8,575.996746
0.913517,9,576.084287
0.922745,8,576.197382
0.913517,9,576.315814
0.932065,7,576.401049
0.95099,5,576.464749
0.99,1,576.470724
0.793614,23,576.775515
0.970299,3,576.827203
0.886385,12,576.965412
0.970299,3,577.016289
0.970299,3,577.038892
0.851458,16,577.238179
0.868746,14,577.426618
0.970299,3,577.480506
0.886385,12,577.61786
0.886385,12,577.798065
0.851458,16,577.99216
0.960596,4,578.049254
0.877521,13,578.19459
0.611117,49,578.835196
0.99,1,578.841794
0.703448,35,579.328286
0.877521,13,579.502764
0.95099,5,579.566948
0.94148,6,579.638048
0.922745,8,579.761079
0.851458,16,579.95577
0.834514,18,580.166227
0.932065,7,580.279312
0.95099,5,580.349414
0.99,1,580.355757
0.7397,30,580.740889
0.762343,27,581.070982
0.785678,24,581.372467
0.94148,6,581.441739
0.754719,28,581.808552
0.99,1,581.815344
0.9801,2,581.85935
0.587037,53,582.518627
0.886385,12,582.692223
0.886385,12,582.840203
0.960596,4,582.897518
0.868746,14,583.077449
0.877521,13,583.217948
0.960596,4,583.273116
0.817907,20,583.544385
0.95099,5,583.609381
0.809728,21,583.872678
0.754719,28,584.252866
0.842943,17,584.459064
0.777821,25,584.788381
0.817907,20,585.051359
0.932065,7,585.161803
0.913517,9,585.25314
0.904382,10,585.380676
0.895338,11,585.556528
0.895338,11,585.689542
0.809728,21,585.954669
0.860058,15,586.155018
0.95099,5,586.218348
0.0,100,587.533762
0.793614,23,587.84686
0.826169,19,588.073635
0.826169,19,588.331053
0.834514,18,588.58307
0.95099,5,588.647717
0.842943,17,588.866616
0.895338,11,589.004966
0.922745,8,589.12368
0.452044,79,590.1647
0.801631,22,590.434295
0.877521,13,590.612277
0.754719,28,590.958645
0.842943,17,591.189304
0.904382,10,591.318271
0.960596,4,591.379882
0.834514,18,591.583457
0.834514,18,591.817631
0.40882,89,592.974739
0.826169,19,593.18747
0.9801,2,593.233917
0.94148,6,593.307293
0.95099,5,593.371183
0.94148,6,593.440049
0.504886,68,594.638954
0.94148,6,594.707128
0.895338,11,594.849496
0.868746,14,595.034739
0.922745,8,595.148171
0.913517,9,595.235152
0.770043,26,595.599644
0.611117,49,596.209083
0.809728,21,596.504702
0.922745,8,596.58636
0.754719,28,596.967132
0.960596,4,597.024966
0.932065,7,597.101695
0.877521,13,597.27852
0.793614,23,597.560043
0.904382,10,597.684461
0.970299,3,597.73366
0.886385,12,597.873016
0.95099,5,597.938413
0.801631,22,598.240715
0.842943,17,598.441206
0.877521,13,598.630366
0.895338,11,598.773943
0.842943,17,598.978064
0.842943,17,599.211985
0.868746,14,599.366706
0.785678,24,599.671803
0.429889,84,600.729394
0.868746,14,600.919243
0.960596,4,600.975309
0.904382,10,601.100708
0.842943,17,601.308882
0.793614,23,601.618213
0.970299,3,601.637348
0.895338,11,601.770776
0.913517,9,601.895021
0.895338,11,602.043729
0.95099,5,602.106199
0.922745,8,602.225709
0.913517,9,602.350089
0.826169,19,602.666574
0.860058,15,602.858995
0.895338,11,602.994201
0.94148,6,603.063267
0.970299,3,603.112918
0.717731,33,603.558066
0.970299,3,603.64301
0.793614,23,603.91366
0.842943,17,604.154976
0.904382,10,604.279874
0.851458,16,604.472749
0.932065,7,604.550397
0.793614,23,604.85693
0.860058,15,605.052722
0.842943,17,605.256107
0.886385,12,605.426567
0.662282,41,605.938836
0.842943,17,606.144252
0.932065,7,606.251831
0.732303,31,606.633726
0.932065,7,606.706189
0.895338,11,606.866596
0.913517,9,606.96203
0.842943,17,607.200059
0.860058,15,607.391921
0.770043,26,607.718741
0.877521,13,607.904289
0.95099,5,607.96775
0.877521,13,608.114655
0.834514,18,608.350585
0.932065,7,608.429562
0.904382,10,608.561737
0.642612,44,609.141279
0.913517,9,609.263663
0.877521,13,609.406954
0.970299,3,609.456472
0.9801,2,609.469378
0.860058,15,609.654617
0.913517,9,609.781838
0.94148,6,609.85061
0.913517,9,609.971137
0.877521,13,610.148882
0.922745,8,610.229767
0.970299,3,610.278487
0.904382,10,610.408068
0.834514,18,610.64455
0.904382,10,610.770618
0.438618,82,611.794416
0.860058,15,611.981318
0.9801,2,611.993423
0.777821,25,612.314282
0.95099,5,612.37709
0.904382,10,612.51345
0.99,1,612.551535
0.932065,7,612.626108
0.48989,71,613.525709
0.860058,15,613.713742
0.895338,11,613.842938
0.710553,34,614.287314
0.785678,24,614.592377
0.860058,15,614.780243
0.904382,10,614.910735
0.904382,10,615.035018
0.762343,27,615.359172
0.886385,12,615.536319
0.373464,98,616.737849
0.904382,10,616.862003
0.0,100,618.136071
0.851458,16,618.368006
0.770043,26,618.703819
0.904382,10,618.828865
0.886385,12,618.970234
0.960596,4,619.029589
0.801631,22,619.310128
0.826169,19,619.558961
0.834514,18,619.797415
0.95099,5,619.862113
0.970299,3,619.882811
0.913517,9,620.002245
0.95099,5,620.067458
0.970299,3,620.116543
0.970299,3,620.134734
0.904382,10,620.263791
0.94148,6,620.364591
0.95099,5,620.431045
0.922745,8,620.514187
0.0,100,621.801139
0.877521,13,621.980214
0.913517,9,622.103104
0.860058,15,622.297458
0.913517,9,622.387337
0.99,1,622.432129
0.95099,5,622.502377
0.94148,6,622.572968
0.895338,11,622.705096
0.480141,73,623.709763
0.94148,6,623.828634
0.801631,22,624.242271
0.809728,21,624.54167
0.94148,6,624.641582
0.95099,5,624.709794
0.904382,10,624.835474
0.868746,14,624.985095
0.809728,21,625.279731
0.94148,6,625.359221
0.793614,23,625.623465
0.710553,34,626.058629
0.710553,34,626.496117
0.777821,25,626.815047
0.932065,7,626.887761
0.886385,12,627.058469
0.904382,10,627.188317
0.877521,13,627.344137
0.642612,44,627.912014
0.793614,23,628.210625
0.922745,8,628.291277
0.960596,4,628.350706
0.793614,23,628.667851
0.95099,5,628.731197
0.99,1,628.737395
0.36973,99,629.990368
0.932065,7,630.064925
0.886385,12,630.236162
0.710553,34,630.646469
0.99,1,630.684152
0.877521,13,630.82657
0.913517,9,630.944698
0.95099,5,631.009365
0.913517,9,631.12987
0.913517,9,631.249731
0.970299,3,631.270922
0.970299,3,631.321489
0.9801,2,631.334098
0.922745,8,631.445796
0.809728,21,631.729845
0.913517,9,631.847078
0.913517,9,631.968102
0.904382,10,632.09417
0.0,100,633.484348
0.655659,42,634.013072
0.94148,6,634.082549
0.94148,6,634.149768
0.877521,13,634.329766
0.95099,5,634.393454
0.95099,5,634.460986
0.913517,9,634.5784
0.913517,9,634.696569
0.95099,5,634.758275
0.9801,2,634.770053
0.834514,18,635.017566
0.868746,14,635.16796
0.932065,7,635.276572
0.762343,27,635.615659
0.732303,31,636.018479
0.904382,10,636.149555
0.0,100,637.51567
0.404732,90,638.716436
0.922745,8,638.835911
0.932065,7,638.914896
0.834514,18,639.175339
0.877521,13,639.36225
0.9801,2,639.376258
0.99,1,639.383291
0.895338,11,639.523089
0.94148,6,639.633323
0.970299,3,639.653804
0.960596,4,639.716857
0.886385,12,639.860363
0.0,100,641.212989
0.970299,3,641.267027
0.851458,16,641.479023
0.960596,4,641.539595
0.809728,21,641.827616
0.747172,29,642.216325
0.801631,22,642.506548
0.629824,46,643.147921
0.886385,12,643.284552
0.877521,13,643.464365
0.636185,45,644.034131
0.94148,6,644.101347
0.904382,10,644.225754
0.960596,4,644.283628
0.842943,17,644.488705
0.886385,12,644.630867
0.922745,8,644.743167
0.99,1,644.749566
0.904382,10,644.876682
0.895338,11,645.014956
0.842943,17,645.24614
0.9801,2,645.258214
0.95099,5,645.318552
0.860058,15,645.508675
0.9801,2,645.558476
0.886385,12,645.701013
0.932065,7,645.775985
0.868746,14,645.956809
0.886385,12,646.121745
0.913517,9,646.211168
0.860058,15,646.407023
0.877521,13,646.585117
0.860058,15,646.774948
0.860058,15,646.972722
0.9801,2,646.984211
0.913517,9,647.103033
0.9801,2,647.14751
0.94148,6,647.215799
0.895338,11,647.345338
0.801631,22,647.626657
0.94148,6,647.72734
0.94148,6,647.793665
0.932065,7,647.867032
0.801631,22,648.169326
0.904382,10,648.29444
0.877521,13,648.434376
0.860058,15,648.634252
0.886385,12,648.809987
0.960596,4,648.837364
0.895338,11,649.003639
0.834514,18,649.212919
0.932065,7,649.321265
0.9801,2,649.333667
0.868746,14,649.529845
0.922745,8,649.613223
0.970299,3,649.665821
0.9801,2,649.67743
0.793614,23,649.978048
0.877521,13,650.163707
0.868746,14,650.316424
0.970299,3,650.365656
0.904382,10,650.491215
0.809728,21,650.761562
0.886385,12,650.932019
0.851458,16,651.12623
0.932065,7,651.203549
0.886385,12,651.38137
0.0,100,652.659631
0.922745,8,652.744707
0.809728,21,653.003405
0.960596,4,653.059578
0.877521,13,653.238751
0.95099,5,653.30379
0.970299,3,653.322346
0.809728,21,653.674413
0.960596,4,653.718376
0.834514,18,654.098289
0.932065,7,654.209519
0.877521,13,654.455526
0.777821,25,654.77154
0.7397,30,655.162196
0.94148,6,655.229695
0.809728,21,655.492872
0.762343,27,655.856687
0.785678,24,656.176144
0.960596,4,656.201546
0.886385,12,656.382527
0.913517,9,656.51301
0.877521,13,656.666204
0.675729,39,657.200796
0.886385,12,657.346512
0.860058,15,657.601461
0.960596,4,657.663409
0.655659,42,658.242477
0.809728,21,658.519104
0.895338,11,658.655066
0.94148,6,658.72794
0.860058,15,658.93567
0.960596,4,658.995564
0.960596,4,659.054418
0.895338,11,659.190608
0.95099,5,659.256166
0.970299,3,659.308349
0.868746,14,659.46417
0.913517,9,659.592707
0.809728,21,659.864293
0.895338,11,660.034648
0.904382,10,660.162982
0.851458,16,660.367535
0.851458,16,660.571491
0.895338,11,660.70969
0.895338,11,660.864309
0.913517,9,660.988357
0.886385,12,661.171044
0.932065,7,661.248312
0.860058,15,661.445477
0.970299,3,661.509512
0.960596,4,661.53682
0.913517,9,661.668046
0.9801,2,661.716569
0.895338,11,661.852302
0.932065,7,661.929304
0.754719,28,662.313009
0.777821,25,662.696388
0.826169,19,662.965205
0.904382,10,663.097282
0.886385,12,663.278674
0.913517,9,663.401866
0.960596,4,663.461191
0.809728,21,663.743338
0.886385,12,663.888044
0.895338,11,664.025
0.877521,13,664.212281
0.922745,8,664.337911
0.868746,14,664.493618
0.842943,17,664.742285
0.970299,3,664.761509
0.886385,12,664.949838
0.94148,6,665.025397
0.932065,7,665.103981
0.970299,3,665.156583
0.842943,17,665.366758
0.868746,14,665.556218
0.95099,5,665.627195
0.932065,7,665.750025
0.886385,12,665.8931
0.94148,6,665.965543
0.960596,4,666.024767
0.860058,15,666.221768
0.922745,8,666.351067
0.895338,11,666.490075
0.95099,5,666.554366
0.826169,19,666.813286
0.913517,9,666.904945
0.0,100,668.281712
0.575355,55,669.02511
0.9801,2,669.074724
0.868746,14,669.266196
0.598956,51,669.937172
0.932065,7,670.015799
0.877521,13,670.19867
0.842943,17,670.416026
0.834514,18,670.663236
0.95099,5,670.728912
0.913517,9,670.852515
0.95099,5,670.920153
0.842943,17,671.134066
0.932065,7,671.210105
0.932065,7,671.320618
0.868746,14,671.510368
0.851458,16,671.720004
0.793614,23,672.001596
0.970299,3,672.056251
0.886385,12,672.198225
0.970299,3,672.251196
0.834514,18,672.515571
0.94148,6,672.588477
0.834514,18,672.799009
0.922745,8,672.916459
0.0,100,674.237937
0.913517,9,674.368389
0.801631,22,674.638819
0.0,100,675.96823
0.703448,35,676.429614
0.960596,4,676.490619
0.877521,13,676.677083
0.860058,15,676.875441
0.932065,7,676.954996
0.877521,13,677.15242
0.793614,23,677.438963
0.904382,10,677.573049
0.95099,5,677.641346
0.770043,26,677.975616
0.9801,2,678.023216
0.754719,28,678.367796
0.801631,22,678.683586
0.9801,2,678.696233
0.960596,4,678.755122
0.886385,12,678.89922
0.525596,64,679.759045
0.868746,14,679.954086
0.860058,15,680.152363
0.868746,14,680.34895
0.710553,34,680.806684
0.61729,48,681.433222
0.785678,24,681.806694
0.913517,9,681.936752
0.9801,2,681.94904
0.877521,13,682.134907
0.754719,28,682.50071
0.877521,13,682.68465
0.913517,9,682.81196
0.842943,17,683.023513
0.932065,7,683.145249
0.99,1,683.151513
0.95099,5,683.218589
0.710553,34,683.734102
0.0,100,685.291968
0.747172,29,685.654461
0.868746,14,685.847645
0.895338,11,685.996312
0.904382,10,686.131673
0.696413,36,686.634362
0.9801,2,686.648131
0.9801,2,686.661366
0.0,100,687.990143
0.932065,7,688.107223
0.851458,16,688.309341
0.886385,12,688.452679
0.960596,4,688.517262
0.826169,19,688.789932
0.777821,25,689.120578
0.842943,17,689.337139
0.895338,11,689.513498
0.960596,4,689.537238
0.9801,2,689.584383
0.932065,7,689.663241
0.682555,38,690.187852
0.922745,8,690.272317
0.717731,33,690.729158
0.94148,6,690.800683
0.970299,3,690.854837
0.886385,12,691.000712
0.817907,20,691.277013
0.95099,5,691.348567
0.94148,6,691.425581
0.877521,13,691.612261
0.94148,6,691.687613
0.886385,12,691.869352
0.960596,4,691.894818
0.886385,12,692.083194
0.9801,2,692.09682
0.834514,18,692.344984
0.904382,10,692.491267
0.9801,2,692.514354
0.785678,24,692.868924
0.747172,29,693.288581
0.922745,8,693.372562
0.960596,4,693.434317
0.826169,19,693.692747
0.960596,4,693.75044
0.793614,23,694.029979
0.696413,36,694.532916
0.558266,58,695.275584
0.886385,12,695.469683
0.842943,17,695.680142
0.886385,12,695.823752
0.809728,21,696.13407
0.581166,54,696.842784
0.668972,40,697.36219
0.801631,22,697.686987
0.895338,11,697.822474
0.99,1,697.828952
0.72498,32,698.274505
0.817907,20,698.536877
0.913517,9,698.626673
0.754719,28,699.011085
0.785678,24,699.333042
0.932065,7,699.413397
0.817907,20,699.671872
0.860058,15,699.863131
0.970299,3,699.917073
0.95099,5,699.980995
0.94148,6,700.052613
0.851458,16,700.25085
0.649103,43,700.824485
0.0,100,702.173551
0.9801,2,702.185348
0.860058,15,702.39007
0.95099,5,702.463414
0.851458,16,702.66444
0.904382,10,702.801365
0.762343,27,703.180298
0.842943,17,703.398023
0.886385,12,703.587728
0.777821,25,703.913271
0.922745,8,703.996379
0.970299,3,704.051011
0.913517,9,704.179323
0.851458,16,704.38586
0.886385,12,704.52874
0.922745,8,704.648264
0.922745,8,704.734937
0.732303,31,705.172551
0.785678,24,705.505992
0.834514,18,705.761762
0.9801,2,705.77392
0.9801,2,705.822723
0.801631,22,706.104163
0.826169,19,706.364658
0.932065,7,706.440313
0.94148,6,706.541837
0.913517,9,706.629526
0.913517,9,706.752877
0.904382,10,706.882416
0.9801,2,706.927104
0.886385,12,707.064024
0.932065,7,707.138747
0.826169,19,707.384401
0.801631,22,707.701158
0.868746,14,707.847457
0.922745,8,707.957778
0.895338,11,708.093766
0.860058,15,708.283622
0.913517,9,708.40556
0.886385,12,708.547031
0.860058,15,708.741513
0.868746,14,708.919914
0.793614,23,709.215472
0.9801,2,709.228071
0.922745,8,709.344541
0.94148,6,709.415558
0.95099,5,709.484163
0.932065,7,709.557977
0.842943,17,709.790873
0.970299,3,709.809274
0.868746,14,709.996076
0.9801,2,710.041751
0.563905,57,710.747508
0.793614,23,711.042496
0.860058,15,711.236193
0.777821,25,711.558918
0.932065,7,711.634977
0.868746,14,711.817896
0.817907,20,712.076251
0.94148,6,712.145305
0.932065,7,712.220458
0.842943,17,712.467352
0.932065,7,712.548411
0.913517,9,712.667296
0.801631,22,712.930343
0.904382,10,713.055643
0.913517,9,713.179819
0.9801,2,713.222792
0.886385,12,713.36536
0.960596,4,713.422306
0.913517,9,713.551157
0.9801,2,713.562946
0.895338,11,713.753475
0.42559,85,715.047741
0.904382,10,715.171946
0.834514,18,715.424183
0.960596,4,715.481137
0.793614,23,715.757975
0.913517,9,715.87767
0.94148,6,715.94914
0.904382,10,716.082503
0.793614,23,716.381599
0.547157,60,717.141877
0.932065,7,717.220665
0.834514,18,717.474548
0.868746,14,717.662982
0.9801,2,717.677103
0.7397,30,718.063289
0.99,1,718.069227
0.649103,43,718.640364
0.886385,12,718.777559
0.960596,4,718.833065
0.913517,9,718.952541
0.0,100,720.222715
0.809728,21,720.490047
0.605006,50,721.138486
0.809728,21,721.394478
0.860058,15,721.584588
0.895338,11,721.750152
0.960596,4,721.810943
0.922745,8,721.925696
0.842943,17,722.128393
0.94148,6,722.198571
0.0,100,723.549104
0.895338,11,723.718996
0.525596,64,724.501643
0.504886,68,725.372035
0.710553,34,725.819667
0.860058,15,726.010869
0.886385,12,726.147638
0.886385,12,726.323513
0.895338,11,726.453417
0.877521,13,726.599871
0.868746,14,726.778834
0.877521,13,726.958294
0.970299,3,726.978005
0.0,100,728.273648
0.95099,5,728.338694
0.960596,4,728.39442
0.868746,14,728.598403
0.932065,7,728.678092
0.0,100,730.003216
0.834514,18,730.254338
0.842943,17,730.460427
0.922745,8,730.577882
0.886385,12,730.726128
0.877521,13,730.9176
0.834514,18,731.172136
0.0,100,732.600493
0.970299,3,732.623118
0.851458,16,732.830628
0.793614,23,733.15332
0.860058,15,733.345312
0.868746,14,733.533853
0.785678,24,733.849371
0.94148,6,733.919582
0.817907,20,734.167258
0.868746,14,734.352718
0.904382,10,734.475406
0.9801,2,734.487443
0.809728,21,734.749893
0.960596,4,734.805269
0.932065,7,734.889059
0.886385,12,735.060077
0.877521,13,735.201019
0.834514,18,735.437351
0.99,1,735.443367
0.895338,11,735.580712
0.932065,7,735.691634
0.842943,17,735.893277
0.886385,12,736.061856
0.860058,15,736.257587
0.94148,6,736.324753
0.834514,18,736.534188
0.809728,21,736.837564
0.904382,10,736.959402
0.9801,2,736.971244
0.868746,14,737.157178
0.809728,21,737.413781
0.970299,3,737.470119
0.842943,17,737.671698
0.95099,5,737.733297
0.922745,8,737.849972
0.826169,19,738.066244
0.922745,8,738.180864
0.0,100,739.451796
0.95099,5,739.514187
0.970299,3,739.564618
0.922745,8,739.643512
0.868746,14,739.824273
0.842943,17,740.0309
0.970299,3,740.080766
0.860058,15,740.26853
0.913517,9,740.388466
0.877521,13,740.529235
0.842943,17,740.770163
0.970299,3,740.788524
0.904382,10,740.913612
0.95099,5,740.976451
0.834514,18,741.222181
0.877521,13,741.403533
0.922745,8,741.484696
0.922745,8,741.600976
0.770043,26,741.923864
0.970299,3,741.975382
0.826169,19,742.181965
0.904382,10,742.305096
0.94148,6,742.407564
0.99,1,742.415019
0.970299,3,742.436157
0.868746,14,742.624531
0.877521,13,742.800001
0.36973,99,744.284078
0.94148,6,744.400102
0.95099,5,744.464132
0.932065,7,744.539787
0.970299,3,744.588299
0.396678,92,745.736961
0.922745,8,745.850246
0.932065,7,745.930631
0.842943,17,746.174495
0.868746,14,746.324158
0.960596,4,746.381964
0.932065,7,746.488564
0.960596,4,746.513258
0.860058,15,746.708379
0.99,1,746.746571
0.970299,3,746.764723
0.9801,2,746.815884
0.895338,11,746.946591
0.99,1,746.952794
0.94148,6,747.021903
0.904382,10,747.14586
0.868746,14,747.335981
0.842943,17,747.55022
0.960596,4,747.606999
0.895338,11,747.735932
0.834514,18,747.990256
0.886385,12,748.129626
0.793614,23,748.429867
0.851458,16,748.634768
0.913517,9,748.752986
0.793614,23,749.06053
0.922745,8,749.143231
0.826169,19,749.385904
0.904382,10,749.508906
0.860058,15,749.697965
0.834514,18,749.941593
0.932065,7,750.022286
0.970299,3,750.073061
0.877521,13,750.215213
0.842943,17,750.453315
0.703448,35,750.890895
0.913517,9,750.976345
0.541685,61,751.767671
0.834514,18,751.969498
0.904382,10,752.105712
0.809728,21,752.379264
0.99,1,752.42739
0.94148,6,752.52692
0.913517,9,752.665494
0.762343,27,753.016476
0.851458,16,753.252359
0.860058,15,753.450654
0.717731,33,753.911392
0.877521,13,754.062739
0.868746,14,754.251384
0.886385,12,754.438722
0.970299,3,754.457717
0.922745,8,754.574886
0.970299,3,754.592935
0.860058,15,754.788262
0.960596,4,754.849767
0.762343,27,755.239054
0.868746,14,755.392062
0.94148,6,755.49972
0.904382,10,755.629698
0.904382,10,755.765606
0.922745,8,755.848403
0.817907,20,756.115099
0.970299,3,756.168283
0.860058,15,756.367585
0.834514,18,756.586456
0.960596,4,756.645874
0.834514,18,756.894802
0.886385,12,757.043451
0.960596,4,757.107149
0.913517,9,757.230253
0.754719,28,757.582357
0.960596,4,757.641392
0.913517,9,757.771052
0.960596,4,757.830343
0.970299,3,757.848252
0.809728,21,758.188749
0.877521,13,758.37886
0.801631,22,758.696249
0.717731,33,759.114409
0.868746,14,759.305585
0.826169,19,759.559627
0.895338,11,759.694499
0.877521,13,759.880801
0.895338,11,760.012838
0.94148,6,760.082851
0.99,1,760.088372
0.860058,15,760.285195
0.970299,3,760.339356
0.95099,5,760.40503
0.770043,26,760.740655
0.94148,6,760.812729
0.809728,21,761.096427
0.895338,11,761.268458
0.72498,32,761.674073
0.99,1,761.680302
0.886385,12,761.865937
0.95099,5,761.93147
0.904382,10,762.062196
0.95099,5,762.127628
0.94148,6,762.206045
0.877521,13,762.356261
0.95099,5,762.433405
0.922745,8,762.563106
0.895338,11,762.700842
0.913517,9,762.824719
0.886385,12,762.968956
0.95099,5,763.038944
0.480141,73,764.019361
0.877521,13,764.204893
0.851458,16,764.418107
0.922745,8,764.508091
0.95099,5,764.574107
0.913517,9,764.701217
0.94148,6,764.773689
0.886385,12,764.954876
0.785678,24,765.296355
0.932065,7,765.376546
0.860058,15,765.575092
0.0,100,766.944301
0.851458,16,767.158009
0.960596,4,767.220103
0.801631,22,767.50832
0.960596,4,767.569386
0.7397,30,767.977676
0.842943,17,768.222714
0.817907,20,768.503893
0.886385,12,768.652665
0.904382,10,768.782903
0.970299,3,768.83584
0.868746,14,768.988483
0.434231,83,770.097157
0.747172,29,770.487506
0.886385,12,770.635217
0.834514,18,770.886704
0.895338,11,771.023539
0.895338,11,771.168126
0.922745,8,771.288573
0.785678,24,771.608701
0.913517,9,771.6982
0.868746,14,771.89715
0.95099,5,771.965218
0.689449,37,772.494941
0.877521,13,772.649365
0.851458,16,772.853745
0.94148,6,772.96004
0.913517,9,773.051687
0.913517,9,773.184443
0.99,1,773.191118
0.970299,3,773.248069
0.754719,28,773.656353
0.99,1,773.668022
0.895338,11,773.867698
0.581166,54,774.788584
0.0,100,776.156836
0.868746,14,776.354042
0.703448,35,776.820691
0.611117,49,777.463259
0.400685,91,778.708381
0.675729,39,779.203767
0.851458,16,779.449996
0.834514,18,779.674175
0.932065,7,779.78574
0.895338,11,779.919878
0.754719,28,780.269477
0.95099,5,780.336165
0.886385,12,780.51744
0.826169,19,780.769745
0.762343,27,781.115785
0.886385,12,781.256911
0.886385,12,781.437786
0.94148,6,781.519021
0.801631,22,781.790599
0.762343,27,782.162676
0.762343,27,782.51617
0.886385,12,782.698168
0.904382,10,782.830788
0.886385,12,782.979187
0.913517,9,783.105037
0.960596,4,783.164157
0.868746,14,783.324499
0.99,1,783.367296
0.94148,6,783.439266
0.682555,38,783.933682
0.904382,10,784.064621
0.95099,5,784.130324
0.913517,9,784.261578
0.94148,6,784.33325
0.834514,18,784.58571
0.922745,8,784.70233
0.895338,11,784.843146
0.868746,14,785.032866
0.710553,34,785.453843
0.793614,23,785.776307
0.913517,9,785.90038
0.932065,7,785.977162
0.710553,34,786.431433
0.868746,14,786.626225
0.913517,9,786.74982
0.36973,99,788.053995
0.0,100,789.389753
0.45661,78,790.411118
0.569601,56,791.15977
0.598956,51,791.792276
0.895338,11,791.952943
0.9801,2,791.964922
0.541685,61,792.735451
0.94148,6,792.810782
0.809728,21,793.102334
0.809728,21,793.35692
0.793614,23,793.640331
0.960596,4,793.695869
0.868746,14,793.874072
0.970299,3,793.924033
0.842943,17,794.129106
0.904382,10,794.254005
0.886385,12,794.395352
0.913517,9,794.514198
0.655659,42,795.077237
0.99,1,795.083223
0.860058,15,795.270659
0.904382,10,795.396943
0.860058,15,795.586049
0.970299,3,795.603242
0.541685,61,796.382191
0.777821,25,796.708834
0.877521,13,796.848735
0.834514,18,797.083122
0.895338,11,797.2195
0.809728,21,797.484736
0.877521,13,797.659845
0.717731,33,798.060388
0.842943,17,798.297217
0.895338,11,798.433132
0.904382,10,798.565983
0.913517,9,798.687449
0.932065,7,798.761911
0.868746,14,798.941448
0.868746,14,799.128003
0.834514,18,799.334262
0.932065,7,799.439407
0.913517,9,799.560407
0.95099,5,799.621672
0.826169,19,799.837321
0.0,100,801.112727
0.860058,15,801.299889
0.860058,15,801.488047
0.913517,9,801.61061
0.834514,18,801.843627
0.793614,23,802.105458
0.0,100,803.361502
0.970299,3,803.411741
0.886385,12,803.559554
0.913517,9,803.751138
0.886385,12,804.0264
0.0,100,805.418965
0.0,100,806.690304
0.886385,12,806.83882
0.877521,13,807.027885
0.785678,24,807.317338
0.868746,14,807.516494
0.834514,18,807.783359
0.904382,10,807.914456
0.895338,11,808.053198
0.777821,25,808.39064
0.9801,2,808.403411
0.886385,12,808.585517
0.860058,15,808.780379
0.95099,5,808.847537
0.970299,3,808.866339
0.95099,5,808.930767
0.793614,23,809.248582
0.605006,50,809.902174
0.904382,10,810.032953
0.932065,7,810.108711
0.895338,11,810.277203
0.515137,66,811.137615
0.868746,14,811.323767
0.851458,16,811.521632
0.809728,21,811.794664
0.877521,13,811.977038
0.99,1,811.982723
0.877521,13,812.133055
0.0,100,813.559296
0.0,100,814.868292
0.817907,20,815.134723
0.932065,7,815.246266
0.877521,13,815.396529
0.877521,13,815.581481
0.851458,16,815.791716
0.99,1,815.797432
0.922745,8,815.914643
0.95099,5,815.979608
0.842943,17,816.185583
0.886385,12,816.367996
0.9801,2,816.38161
0.868746,14,816.568845
0.826169,19,816.824389
0.9801,2,816.837511
0.851458,16,817.054924
0.877521,13,817.242656
0.860058,15,817.446841
0.95099,5,817.516477
0.747172,29,817.919464
0.99,1,817.926011
0.9801,2,817.937806
0.960596,4,817.998381
0.465881,76,819.008218
0.886385,12,819.190728
0.809728,21,819.457409
0.7397,30,819.857974
0.9801,2,819.87099
0.826169,19,820.125543
0.932065,7,820.234989
0.785678,24,820.525895
0.913517,9,820.648635
0.970299,3,820.701019
0.95099,5,820.76678
0.95099,5,820.830544
0.886385,12,820.984798
0.842943,17,821.230694
0.581166,54,821.929967
0.842943,17,822.187648
0.960596,4,822.247128
0.94148,6,822.321495
0.842943,17,822.545042
0.809728,21,822.821841
0.851458,16,823.07515
0.913517,9,823.166738
0.9801,2,823.215211
0.581166,54,823.944756
0.851458,16,824.147328
0.9801,2,824.158891
0.94148,6,824.229504
0.834514,18,824.522497
0.0,100,825.851855
0.922745,8,825.973945
0.932065,7,826.051809
0.95099,5,826.116948
0.94148,6,826.186834
0.809728,21,826.460163
0.868746,14,826.652347
0.793614,23,826.965405
0.877521,13,827.128237
